Date,Open,High,Low,Close,Adj Close
2020-11-11,117.19,119.63,116.44,119.49,119.49
2020-11-12,119.62,120.53,118.57,119.21,119.21
2020-11-13,119.44,119.67,117.87,119.26,119.26
2020-11-16,118.92,120.99,118.15,120.3,120.3
2020-11-17,119.55,120.67,118.96,119.39,119.39
2020-11-18,118.61,119.82,118.0,118.03,118.03
2020-11-19,117.59,119.06,116.81,118.64,118.64
2020-11-20,118.64,118.77,117.29,117.34,117.34
2020-11-23,117.18,117.62,113.75,113.85,113.85
2020-11-24,113.91,115.85,112.59,115.17,115.17
2020-11-25,115.55,116.75,115.17,116.03,116.03
2020-11-27,116.57,117.49,116.22,116.59,116.59
2020-11-30,116.97,120.97,116.81,119.05,119.05
2020-12-01,121.01,123.47,120.01,122.72,122.72
2020-12-02,122.02,123.37,120.89,123.08,123.08
2020-12-03,123.52,123.78,122.21,122.94,122.94
2020-12-04,122.6,122.86,121.52,122.25,122.25
2020-12-07,122.31,124.57,122.25,123.75,123.75
2020-12-08,124.37,124.98,123.09,124.38,124.38
2020-12-09,124.53,125.95,121.0,121.78,121.78
2020-12-10,120.5,123.87,120.15,123.24,123.24
2020-12-11,122.43,122.76,120.55,122.41,122.41
2020-12-14,122.6,123.35,121.54,121.78,121.78
2020-12-15,124.34,127.9,124.13,127.88,127.88
2020-12-16,127.41,128.37,126.56,127.81,127.81
2020-12-17,128.9,129.58,128.04,128.7,128.7
2020-12-18,128.96,129.1,126.12,126.66,126.66
2020-12-21,125.02,128.31,123.45,128.23,128.23
2020-12-22,131.61,134.41,129.65,131.88,131.88
2020-12-23,132.16,132.43,130.78,130.96,130.96
2020-12-24,131.32,133.46,131.1,131.97,131.97
2020-12-28,133.99,137.34,133.51,136.69,136.69
2020-12-29,138.05,138.79,134.34,134.87,134.87
2020-12-30,135.58,135.99,133.4,133.72,133.72
2020-12-31,134.08,134.74,131.72,132.69,132.69
2021-01-04,133.52,133.61,126.76,129.41,129.41
2021-01-05,128.89,131.74,128.43,131.01,131.01
2021-01-06,127.72,131.05,126.38,126.6,126.6
2021-01-07,128.36,131.63,127.86,130.92,130.92
2021-01-08,132.43,132.63,130.23,132.05,132.05
2021-01-11,129.19,130.17,128.5,128.98,128.98
2021-01-12,128.5,129.69,126.86,128.8,128.8
2021-01-13,128.76,131.45,128.49,130.89,130.89
2021-01-14,130.8,131.0,128.76,128.91,128.91
2021-01-15,128.78,130.22,127.0,127.14,127.14
2021-01-19,127.78,128.71,126.94,127.83,127.83
2021-01-20,128.66,132.49,128.55,132.03,132.03
2021-01-21,133.8,139.67,133.59,136.87,136.87
2021-01-22,136.28,139.85,135.02,139.07,139.07
2021-01-25,143.07,145.09,136.54,142.92,142.92
2021-01-26,143.6,144.3,141.37,143.16,143.16
2021-01-27,143.43,144.3,140.41,142.06,142.06
2021-01-28,139.52,141.99,136.7,137.09,137.09
2021-01-29,135.83,136.74,130.21,131.96,131.96
2021-02-01,133.75,135.38,130.93,134.14,134.14
2021-02-02,135.73,136.31,134.61,134.99,134.99
2021-02-03,135.76,135.77,133.61,133.94,133.94
2021-02-04,136.3,137.4,134.59,137.39,137.39
2021-02-05,137.35,137.42,135.86,136.76,136.76
2021-02-08,136.03,136.96,134.92,136.91,136.91
2021-02-09,136.62,137.88,135.85,136.01,136.01
2021-02-10,136.48,136.99,134.4,135.39,135.39
2021-02-11,135.9,136.39,133.77,135.13,135.13
2021-02-12,134.35,135.53,133.69,135.37,135.37
2021-02-16,135.49,136.01,132.79,133.19,133.19
2021-02-17,131.25,132.22,129.47,130.84,130.84
2021-02-18,129.2,130.0,127.41,129.71,129.71
2021-02-19,130.24,130.71,128.8,129.87,129.87
2021-02-22,128.01,129.72,125.6,126.0,126.0
2021-02-23,123.76,126.71,118.39,125.86,125.86
2021-02-24,124.94,125.56,122.23,125.35,125.35
2021-02-25,124.68,126.46,120.54,120.99,120.99
2021-02-26,122.59,124.85,121.2,121.26,121.26
2021-03-01,123.75,127.93,122.79,127.79,127.79
2021-03-02,128.41,128.72,125.01,125.12,125.12
2021-03-03,124.81,125.71,121.84,122.06,122.06
2021-03-04,121.75,123.6,118.62,120.13,120.13
2021-03-05,120.98,121.94,117.57,121.42,121.42
2021-03-08,120.93,121.0,116.21,116.36,116.36
2021-03-09,119.03,122.06,118.79,121.08,121.08
2021-03-10,121.69,122.17,119.45,119.98,119.98
2021-03-11,122.54,123.21,121.26,121.96,121.96
2021-03-12,120.4,121.17,119.16,121.03,121.03
2021-03-15,121.41,124.0,120.42,123.99,123.99
2021-03-16,125.7,127.22,124.72,125.57,125.57
2021-03-17,124.05,125.86,122.34,124.76,124.76
2021-03-18,122.88,123.18,120.32,120.53,120.53
2021-03-19,119.9,121.43,119.67,119.99,119.99
2021-03-22,120.33,123.87,120.26,123.39,123.39
2021-03-23,123.33,124.24,122.14,122.54,122.54
2021-03-24,122.82,122.9,120.06,120.09,120.09
2021-03-25,119.54,121.66,119.0,120.59,120.59
2021-03-26,120.35,121.48,118.92,121.21,121.21
2021-03-29,121.65,122.58,120.73,121.39,121.39
2021-03-30,120.11,120.4,118.86,119.9,119.9
2021-03-31,121.65,123.52,121.15,122.15,122.15
2021-04-01,123.66,124.18,122.49,123.0,123.0
2021-04-05,123.87,126.16,123.07,125.9,125.9
2021-04-06,126.5,127.13,125.65,126.21,126.21
2021-04-07,125.83,127.92,125.14,127.9,127.9
2021-04-08,128.95,130.39,128.52,130.36,130.36
2021-04-09,129.8,133.04,129.47,133.0,133.0
2021-04-12,132.52,132.85,130.63,131.24,131.24
2021-04-13,132.44,134.66,131.93,134.43,134.43
2021-04-14,134.94,135.0,131.66,132.03,132.03
2021-04-15,133.82,135.0,133.64,134.5,134.5
2021-04-16,134.3,134.67,133.28,134.16,134.16
2021-04-19,133.51,135.47,133.34,134.84,134.84
2021-04-20,135.02,135.53,131.81,133.11,133.11
2021-04-21,132.36,133.75,131.3,133.5,133.5
2021-04-22,133.04,134.15,131.41,131.94,131.94
2021-04-23,132.16,135.12,132.16,134.32,134.32
2021-04-26,134.83,135.06,133.56,134.72,134.72
2021-04-27,135.01,135.41,134.11,134.39,134.39
2021-04-28,134.31,135.02,133.08,133.58,133.58
2021-04-29,136.47,137.07,132.45,133.48,133.48
2021-04-30,131.78,133.56,131.06,131.46,131.46
2021-05-03,132.04,134.07,131.83,132.54,132.54
2021-05-04,131.19,131.49,126.7,127.85,127.85
2021-05-05,129.2,130.45,127.97,128.1,128.1
2021-05-06,127.89,129.75,127.13,129.74,129.74
2021-05-07,130.85,131.26,129.47,130.21,130.21
2021-05-10,129.41,129.54,126.81,126.85,126.85
2021-05-11,123.5,126.27,122.77,125.91,125.91
2021-05-12,123.4,124.64,122.25,122.77,122.77
2021-05-13,124.58,126.15,124.26,124.97,124.97
2021-05-14,126.25,127.89,125.85,127.45,127.45
2021-05-17,126.82,126.93,125.17,126.27,126.27
2021-05-18,126.56,126.99,124.78,124.85,124.85
2021-05-19,123.16,124.92,122.86,124.69,124.69
2021-05-20,125.23,127.72,125.1,127.31,127.31
2021-05-21,127.82,128.0,125.21,125.43,125.43
2021-05-24,126.01,127.94,125.94,127.1,127.1
2021-05-25,127.82,128.32,126.32,126.9,126.9
2021-05-26,126.95,127.39,126.42,126.85,126.85
2021-05-27,126.44,127.64,125.08,125.28,125.28
2021-05-28,125.57,125.8,124.55,124.61,124.61
2021-06-01,125.08,125.35,123.94,124.28,124.28
2021-06-02,124.28,125.24,124.05,125.06,125.06
2021-06-03,124.68,124.85,123.13,123.54,123.54
2021-06-04,124.07,126.16,123.85,125.89,125.89
2021-06-07,126.17,126.32,124.83,125.9,125.9
2021-06-08,126.6,128.46,126.21,126.74,126.74
2021-06-09,127.21,127.75,126.52,127.13,127.13
2021-06-10,127.02,128.19,125.94,126.11,126.11
2021-06-11,126.53,127.44,126.1,127.35,127.35
2021-06-14,127.82,130.54,127.07,130.48,130.48
2021-06-15,129.94,130.6,129.39,129.64,129.64
2021-06-16,130.37,130.89,128.46,130.15,130.15
2021-06-17,129.8,132.55,129.65,131.79,131.79
2021-06-18,130.71,131.51,130.24,130.46,130.46
2021-06-21,130.3,132.41,129.21,132.3,132.3
2021-06-22,132.13,134.08,131.62,133.98,133.98
2021-06-23,133.77,134.32,133.23,133.7,133.7
2021-06-24,134.45,134.64,132.93,133.41,133.41
2021-06-25,133.46,133.89,132.81,133.11,133.11
2021-06-28,133.41,135.25,133.35,134.78,134.78
2021-06-29,134.8,136.49,134.35,136.33,136.33
2021-06-30,136.17,137.41,135.87,136.96,136.96
2021-07-01,136.6,137.33,135.76,137.27,137.27
2021-07-02,137.9,140.0,137.75,139.96,139.96
2021-07-06,140.07,143.15,140.07,142.02,142.02
2021-07-07,143.53,144.89,142.66,144.57,144.57
2021-07-08,141.58,144.06,140.66,143.24,143.24
2021-07-09,142.75,145.65,142.65,145.11,145.11
2021-07-12,146.21,146.32,144.0,144.5,144.5
2021-07-13,144.03,147.46,143.63,145.64,145.64
2021-07-14,148.1,149.57,147.68,149.15,149.15
2021-07-15,149.24,150.0,147.09,148.48,148.48
2021-07-16,148.46,149.76,145.88,146.39,146.39
2021-07-19,143.75,144.07,141.67,142.45,142.45
2021-07-20,143.46,147.1,142.96,146.15,146.15
2021-07-21,145.53,146.13,144.63,145.4,145.4
2021-07-22,145.94,148.19,145.81,146.8,146.8
2021-07-23,147.55,148.72,146.92,148.56,148.56
2021-07-26,148.27,149.83,147.7,148.99,148.99
2021-07-27,149.12,149.21,145.55,146.77,146.77
2021-07-28,144.81,146.97,142.54,144.98,144.98
2021-07-29,144.69,146.55,144.58,145.64,145.64
2021-07-30,144.38,146.33,144.11,145.86,145.86
2021-08-02,146.36,146.95,145.25,145.52,145.52
2021-08-03,145.81,148.04,145.18,147.36,147.36
2021-08-04,147.27,147.79,146.28,146.95,146.95
2021-08-05,146.98,147.84,146.17,147.06,147.06
2021-08-06,146.35,147.11,145.63,146.14,146.14
2021-08-09,146.2,146.7,145.52,146.09,146.09
2021-08-10,146.44,147.71,145.3,145.6,145.6
2021-08-11,146.05,146.72,145.53,145.86,145.86
2021-08-12,146.19,149.05,145.84,148.89,148.89
2021-08-13,148.97,149.44,148.27,149.1,149.1
2021-08-16,148.53,151.19,146.47,151.12,151.12
2021-08-17,150.23,151.68,149.09,150.19,150.19
2021-08-18,149.8,150.72,146.15,146.36,146.36
2021-08-19,145.03,148.0,144.5,146.7,146.7
2021-08-20,147.44,148.5,146.78,148.19,148.19
2021-08-23,148.31,150.19,147.89,149.71,149.71
2021-08-24,149.45,150.86,149.15,149.62,149.62
2021-08-25,149.81,150.32,147.8,148.36,148.36
2021-08-26,148.35,149.12,147.51,147.54,147.54
2021-08-27,147.48,148.75,146.83,148.6,148.6
2021-08-30,149.0,153.49,148.61,153.12,153.12
2021-08-31,152.66,152.8,151.29,151.83,151.83
2021-09-01,152.83,154.98,152.34,152.51,152.51
2021-09-02,153.87,154.72,152.4,153.65,153.65
2021-09-03,153.76,154.63,153.09,154.3,154.3
2021-09-07,154.97,157.26,154.39,156.69,156.69
2021-09-08,156.98,157.04,153.97,155.11,155.11
2021-09-09,155.49,156.11,153.95,154.07,154.07
2021-09-10,155.0,155.48,148.7,148.97,148.97
2021-09-13,150.63,151.42,148.75,149.55,149.55
2021-09-14,150.35,151.07,146.91,148.12,148.12
2021-09-15,148.56,149.44,146.37,149.03,149.03
2021-09-16,148.44,148.97,147.22,148.79,148.79
2021-09-17,148.82,148.82,145.76,146.06,146.06
2021-09-20,143.8,144.84,141.27,142.94,142.94
2021-09-21,143.93,144.6,142.78,143.43,143.43
2021-09-22,144.45,146.43,143.7,145.85,145.85
2021-09-23,146.65,147.08,145.64,146.83,146.83
2021-09-24,145.66,147.47,145.56,146.92,146.92
2021-09-27,145.47,145.96,143.82,145.37,145.37
2021-09-28,143.25,144.75,141.69,141.91,141.91
2021-09-29,142.47,144.45,142.03,142.83,142.83
2021-09-30,143.66,144.38,141.28,141.5,141.5
2021-10-01,141.9,142.92,139.11,142.65,142.65
2021-10-04,141.76,142.21,138.27,139.14,139.14
2021-10-05,139.49,142.24,139.36,141.11,141.11
2021-10-06,139.47,142.15,138.37,142.0,142.0
2021-10-07,143.06,144.22,142.72,143.29,143.29
2021-10-08,144.03,144.18,142.56,142.9,142.9
2021-10-11,142.27,144.81,141.81,142.81,142.81
2021-10-12,143.23,143.25,141.04,141.51,141.51
2021-10-13,141.24,141.4,139.2,140.91,140.91
2021-10-14,142.11,143.88,141.51,143.76,143.76
2021-10-15,143.77,144.9,143.51,144.84,144.84
2021-10-18,143.44,146.84,143.16,146.55,146.55
2021-10-19,147.01,149.17,146.55,148.76,148.76
2021-10-20,148.7,149.75,148.12,149.26,149.26
2021-10-21,148.81,149.64,147.87,149.48,149.48
2021-10-22,149.69,150.18,148.64,148.69,148.69
2021-10-25,148.68,149.37,147.62,148.64,148.64
2021-10-26,149.33,150.84,149.01,149.32,149.32
2021-10-27,149.36,149.73,148.49,148.85,148.85
2021-10-28,149.82,153.16,149.72,152.57,152.57
2021-10-29,147.22,149.94,146.41,149.8,149.8
2021-11-01,148.99,149.7,147.8,148.96,148.96
2021-11-02,148.66,151.57,148.65,150.02,150.02
2021-11-03,150.39,151.97,149.82,151.49,151.49
2021-11-04,151.58,152.43,150.64,150.96,150.96
2021-11-05,151.89,152.2,150.06,151.28,151.28
2021-11-08,151.41,151.57,150.16,150.44,150.44
2021-11-09,150.2,151.43,150.06,150.81,150.81
2021-11-10,150.02,150.13,147.85,147.92,147.92
2021-11-11,148.96,149.43,147.68,147.87,147.87
2021-11-12,148.43,150.4,147.48,149.99,149.99
2021-11-15,150.37,151.88,149.43,150.0,150.0
2021-11-16,149.94,151.49,149.34,151.0,151.0
2021-11-17,151.0,155.0,150.99,153.49,153.49
2021-11-18,153.71,158.67,153.05,157.87,157.87
2021-11-19,157.65,161.02,156.53,160.55,160.55
2021-11-22,161.68,165.7,161.0,161.02,161.02
2021-11-23,161.12,161.8,159.06,161.41,161.41
2021-11-24,160.75,162.14,159.64,161.94,161.94
2021-11-26,159.56,160.45,156.36,156.81,156.81
2021-11-29,159.37,161.19,158.79,160.24,160.24
2021-11-30,159.99,165.52,159.92,165.3,165.3
2021-12-01,167.48,170.3,164.53,164.77,164.77
2021-12-02,158.74,164.2,157.8,163.76,163.76
2021-12-03,164.02,164.96,159.72,161.84,161.84
2021-12-06,164.29,167.88,164.28,165.32,165.32
2021-12-07,169.08,171.58,168.34,171.18,171.18
2021-12-08,172.12,175.96,170.7,175.08,175.08
2021-12-09,174.91,176.75,173.92,174.56,174.56
2021-12-10,175.21,179.63,174.69,179.45,179.45
2021-12-13,181.12,182.13,175.53,175.74,175.74
2021-12-14,175.25,177.74,172.21,174.33,174.33
2021-12-15,175.11,179.5,172.31,179.3,179.3
2021-12-16,179.28,181.14,170.75,172.26,172.26
2021-12-17,169.93,173.47,169.69,171.14,171.14
2021-12-20,168.28,170.58,167.46,169.75,169.75
2021-12-21,171.56,173.2,169.12,172.99,172.99
2021-12-22,173.04,175.86,172.15,175.64,175.64
2021-12-23,175.85,176.85,175.27,176.28,176.28
2021-12-27,177.09,180.42,177.07,180.33,180.33
2021-12-28,180.16,181.33,178.53,179.29,179.29
2021-12-29,179.33,180.63,178.14,179.38,179.38
2021-12-30,179.47,180.57,178.09,178.2,178.2
2021-12-31,178.09,179.23,177.26,177.57,177.57
2022-01-03,177.83,182.88,177.71,182.01,182.01
2022-01-04,182.63,182.94,179.12,179.7,179.7
2022-01-05,179.61,180.17,174.64,174.92,174.92
2022-01-06,172.7,175.3,171.64,172.0,172.0
2022-01-07,172.89,174.14,171.03,172.17,172.17
2022-01-10,169.08,172.5,168.17,172.19,172.19
2022-01-11,172.32,175.18,170.82,175.08,175.08
2022-01-12,176.12,177.18,174.82,175.53,175.53
2022-01-13,175.78,176.62,171.79,172.19,172.19
2022-01-14,171.34,173.78,171.09,173.07,173.07
2022-01-18,171.51,172.54,169.41,169.8,169.8
2022-01-19,170.0,171.08,165.94,166.23,166.23
2022-01-20,166.98,169.68,164.18,164.51,164.51
2022-01-21,164.41,166.33,162.3,162.41,162.41
2022-01-24,160.02,162.3,154.7,161.62,161.62
2022-01-25,158.98,162.76,157.02,159.78,159.78
2022-01-26,163.5,164.39,157.82,159.69,159.69
2022-01-27,162.45,163.84,158.28,159.22,159.22
2022-01-28,165.71,170.35,162.8,170.33,170.33
2022-01-31,170.16,175.0,169.51,174.78,174.78
2022-02-01,174.01,174.84,172.31,174.61,174.61
2022-02-02,174.75,175.88,173.33,175.84,175.84
2022-02-03,174.48,176.24,172.12,172.9,172.9
2022-02-04,171.68,174.1,170.68,172.39,172.39
2022-02-07,172.86,173.95,170.95,171.66,171.66
2022-02-08,171.73,175.35,171.43,174.83,174.83
2022-02-09,176.05,176.65,174.9,176.28,176.28
2022-02-10,174.14,175.48,171.55,172.12,172.12
2022-02-11,172.33,173.08,168.04,168.64,168.64
2022-02-14,167.37,169.58,166.56,168.88,168.88
2022-02-15,170.97,172.95,170.25,172.79,172.79
2022-02-16,171.85,173.34,170.05,172.55,172.55
2022-02-17,171.03,171.91,168.47,168.88,168.88
2022-02-18,169.82,170.54,166.19,167.3,167.3
2022-02-22,164.98,166.69,162.15,164.32,164.32
2022-02-23,165.54,166.15,159.75,160.07,160.07
2022-02-24,152.58,162.85,152.0,162.74,162.74
2022-02-25,163.84,165.12,160.87,164.85,164.85
2022-02-28,163.06,165.42,162.43,165.12,165.12
2022-03-01,164.69,166.6,161.97,163.2,163.2
2022-03-02,164.39,167.36,162.95,166.56,166.56
2022-03-03,168.47,168.91,165.55,166.23,166.23
2022-03-04,164.49,165.55,162.1,163.17,163.17
2022-03-07,163.36,165.02,159.04,159.3,159.3
2022-03-08,158.82,162.88,155.8,157.44,157.44
2022-03-09,161.47,163.41,159.41,162.95,162.95
2022-03-10,160.2,160.39,155.98,158.52,158.52
2022-03-11,158.93,159.28,154.5,154.73,154.73
2022-03-14,151.45,154.12,150.1,150.62,150.62
2022-03-15,150.9,155.57,150.38,155.09,155.09
2022-03-16,157.05,160.0,154.46,159.59,159.59
2022-03-17,158.61,161.0,157.63,160.62,160.62
2022-03-18,160.51,164.48,159.76,163.98,163.98
2022-03-21,163.51,166.35,163.01,165.38,165.38
2022-03-22,165.51,169.42,164.91,168.82,168.82
2022-03-23,167.99,172.64,167.65,170.21,170.21
2022-03-24,171.06,174.14,170.21,174.07,174.07
2022-03-25,173.88,175.28,172.75,174.72,174.72
2022-03-28,172.17,175.73,172.0,175.6,175.6
2022-03-29,176.69,179.01,176.34,178.96,178.96
2022-03-30,178.55,179.61,176.7,177.77,177.77
2022-03-31,177.84,178.03,174.4,174.61,174.61
2022-04-01,174.03,174.88,171.94,174.31,174.31
2022-04-04,174.57,178.49,174.44,178.44,178.44
2022-04-05,177.5,178.3,174.41,175.06,175.06
2022-04-06,172.36,173.63,170.13,171.83,171.83
2022-04-07,171.16,173.36,169.85,172.14,172.14
2022-04-08,171.78,171.78,169.2,170.09,170.09
2022-04-11,168.71,169.03,165.5,165.75,165.75
2022-04-12,168.02,169.87,166.64,167.66,167.66
2022-04-13,167.39,171.04,166.77,170.4,170.4
2022-04-14,170.62,171.27,165.04,165.29,165.29
2022-04-18,163.92,166.6,163.57,165.07,165.07
2022-04-19,165.02,167.82,163.91,167.4,167.4
2022-04-20,168.76,168.88,166.1,167.23,167.23
2022-04-21,168.91,171.53,165.91,166.42,166.42
2022-04-22,166.46,167.87,161.5,161.79,161.79
2022-04-25,161.12,163.17,158.46,162.88,162.88
2022-04-26,162.25,162.34,156.72,156.8,156.8
2022-04-27,155.91,159.79,155.38,156.57,156.57
2022-04-28,159.25,164.51,158.93,163.64,163.64
2022-04-29,161.84,166.2,157.25,157.65,157.65
2022-05-02,156.71,158.23,153.27,157.96,157.96
2022-05-03,158.15,160.71,156.32,159.48,159.48
2022-05-04,159.67,166.48,159.26,166.02,166.02
2022-05-05,163.85,164.08,154.95,156.77,156.77
2022-05-06,156.01,159.44,154.18,157.28,157.28
2022-05-09,154.93,155.83,151.49,152.06,152.06
2022-05-10,155.52,156.74,152.93,154.51,154.51
2022-05-11,153.5,155.45,145.81,146.5,146.5
2022-05-12,142.77,146.2,138.8,142.56,142.56
2022-05-13,144.59,148.1,143.11,147.11,147.11
2022-05-16,145.55,147.52,144.18,145.54,145.54
2022-05-17,148.86,149.77,146.68,149.24,149.24
2022-05-18,146.85,147.36,139.9,140.82,140.82
2022-05-19,139.88,141.66,136.6,137.35,137.35
2022-05-20,139.09,140.7,132.61,137.59,137.59
2022-05-23,137.79,143.26,137.65,143.11,143.11
2022-05-24,140.81,141.97,137.33,140.36,140.36
2022-05-25,138.43,141.78,138.34,140.52,140.52
2022-05-26,137.39,144.34,137.14,143.78,143.78
2022-05-27,145.39,149.68,145.26,149.64,149.64
2022-05-31,149.07,150.66,146.84,148.84,148.84
2022-06-01,149.9,151.74,147.68,148.71,148.71
2022-06-02,147.83,151.27,146.86,151.21,151.21
2022-06-03,146.9,147.97,144.46,145.38,145.38
2022-06-06,147.03,148.57,144.9,146.14,146.14
2022-06-07,144.35,149.0,144.1,148.71,148.71
2022-06-08,148.58,149.87,147.46,147.96,147.96
2022-06-09,147.08,147.95,142.53,142.64,142.64
2022-06-10,140.28,140.76,137.06,137.13,137.13
2022-06-13,132.87,135.2,131.44,131.88,131.88
2022-06-14,133.13,133.89,131.48,132.76,132.76
2022-06-15,134.29,137.34,132.16,135.43,135.43
2022-06-16,132.08,132.39,129.04,130.06,130.06
2022-06-17,130.07,133.08,129.81,131.56,131.56
2022-06-21,133.42,137.06,133.32,135.87,135.87
2022-06-22,134.79,137.76,133.91,135.35,135.35
2022-06-23,136.82,138.59,135.63,138.27,138.27
2022-06-24,139.9,141.91,139.77,141.66,141.66
2022-06-27,142.7,143.49,140.96,141.66,141.66
2022-06-28,142.13,143.42,137.32,137.44,137.44
2022-06-29,137.46,140.67,136.67,139.23,139.23
2022-06-30,137.25,138.37,133.77,136.72,136.72
2022-07-01,136.04,139.04,135.66,138.93,138.93
2022-07-05,137.77,141.61,136.93,141.56,141.56
2022-07-06,141.35,144.12,141.08,142.92,142.92
2022-07-07,143.29,146.55,143.28,146.35,146.35
2022-07-08,145.26,147.55,145.0,147.04,147.04
2022-07-11,145.67,146.64,143.78,144.87,144.87
2022-07-12,145.76,148.45,145.05,145.86,145.86
2022-07-13,142.99,146.45,142.12,145.49,145.49
2022-07-14,144.08,148.95,143.25,148.47,148.47
2022-07-15,149.78,150.86,148.2,150.17,150.17
2022-07-18,150.74,151.57,146.7,147.07,147.07
2022-07-19,147.92,151.23,146.91,151.0,151.0
2022-07-20,151.12,153.72,150.37,153.04,153.04
2022-07-21,154.5,155.57,151.94,155.35,155.35
2022-07-22,155.39,156.28,153.41,154.09,154.09
2022-07-25,154.01,155.04,152.28,152.95,152.95
2022-07-26,152.26,153.09,150.8,151.6,151.6
2022-07-27,152.58,157.33,152.16,156.79,156.79
2022-07-28,156.98,157.64,154.41,157.35,157.35
2022-07-29,161.24,163.63,159.5,162.51,162.51
2022-08-01,161.01,163.59,160.89,161.51,161.51
2022-08-02,160.1,162.41,159.63,160.01,160.01
2022-08-03,160.84,166.59,160.75,166.13,166.13
2022-08-04,166.01,167.19,164.43,165.81,165.81
2022-08-05,163.21,165.85,163.0,165.35,165.35
2022-08-08,166.37,167.81,164.2,164.87,164.87
2022-08-09,164.02,165.82,163.25,164.92,164.92
2022-08-10,167.68,169.34,166.9,169.24,169.24
2022-08-11,170.06,170.99,168.19,168.49,168.49
2022-08-12,169.82,172.17,169.4,172.1,172.1
2022-08-15,171.52,173.39,171.35,173.19,173.19
2022-08-16,172.78,173.71,171.66,173.03,173.03
2022-08-17,172.77,176.15,172.57,174.55,174.55
2022-08-18,173.75,174.9,173.12,174.15,174.15
2022-08-19,173.03,173.74,171.31,171.52,171.52
2022-08-22,169.69,169.86,167.13,167.57,167.57
2022-08-23,167.08,168.71,166.65,167.23,167.23
2022-08-24,167.32,168.11,166.24,167.53,167.53
2022-08-25,168.78,170.14,168.35,170.03,170.03
2022-08-26,170.57,171.05,163.56,163.62,163.62
2022-08-29,161.15,162.9,159.82,161.38,161.38
2022-08-30,162.13,162.56,157.72,158.91,158.91
2022-08-31,160.3,160.58,157.14,157.22,157.22
2022-09-01,156.64,158.42,154.67,157.96,157.96
2022-09-02,159.75,160.36,154.96,155.81,155.81
2022-09-06,156.47,157.09,153.69,154.53,154.53
2022-09-07,154.82,156.67,153.61,155.96,155.96
2022-09-08,154.64,156.36,152.68,154.46,154.46
2022-09-09,155.47,157.82,154.75,157.37,157.37
2022-09-12,159.59,164.26,159.3,163.43,163.43
2022-09-13,159.9,160.54,153.37,153.84,153.84
2022-09-14,154.79,157.1,153.61,155.31,155.31
2022-09-15,154.65,155.24,151.38,152.37,152.37
2022-09-16,151.21,151.35,148.37,150.7,150.7
2022-09-19,149.31,154.56,149.1,154.48,154.48
2022-09-20,153.4,158.08,153.08,156.9,156.9
2022-09-21,157.34,158.74,153.6,153.72,153.72
2022-09-22,152.38,154.47,150.91,152.74,152.74
2022-09-23,151.19,151.47,148.56,150.43,150.43
2022-09-26,149.66,153.77,149.64,150.77,150.77
2022-09-27,152.74,154.72,149.95,151.76,151.76
2022-09-28,147.64,150.64,144.84,149.84,149.84
2022-09-29,146.1,146.72,140.68,142.48,142.48
2022-09-30,141.28,143.1,138.0,138.2,138.2
2022-10-03,138.21,143.07,137.68,142.45,142.45
2022-10-04,145.03,146.22,144.26,146.1,146.1
2022-10-05,144.07,147.38,143.01,146.4,146.4
2022-10-06,145.81,147.54,145.22,145.43,145.43
2022-10-07,142.54,143.1,139.45,140.09,140.09
2022-10-10,140.42,141.89,138.57,140.42,140.42
2022-10-11,139.9,141.35,138.22,138.98,138.98
2022-10-12,139.13,140.36,138.16,138.34,138.34
2022-10-13,134.99,143.59,134.37,142.99,142.99
2022-10-14,144.31,144.52,138.19,138.38,138.38
2022-10-17,141.07,142.9,140.27,142.41,142.41
2022-10-18,145.49,146.7,140.61,143.75,143.75
2022-10-19,141.69,144.95,141.5,143.86,143.86
2022-10-20,143.02,145.89,142.65,143.39,143.39
2022-10-21,142.87,147.85,142.65,147.27,147.27
2022-10-24,147.18,150.23,146.0,149.45,149.45
2022-10-25,150.09,152.49,149.36,152.34,152.34
2022-10-26,150.96,151.99,148.04,149.35,149.35
2022-10-27,148.07,149.05,144.13,144.8,144.8
2022-10-28,148.2,157.5,147.82,155.74,155.74
2022-10-31,153.15,154.24,151.92,153.34,153.34
2022-11-01,155.08,155.45,149.13,150.65,150.65
2022-11-02,148.95,152.17,145.0,145.03,145.03
2022-11-03,142.06,142.8,138.75,138.88,138.88
2022-11-04,142.09,142.67,134.38,138.38,138.38
2022-11-07,137.11,139.15,135.67,138.92,138.92
2022-11-08,140.41,141.43,137.49,139.5,139.5
2022-11-09,138.5,138.55,134.59,134.87,134.87
2022-11-10,141.24,146.87,139.5,146.87,146.87
2022-11-11,145.82,150.01,144.37,149.7,149.7
2022-11-14,148.97,150.28,147.43,148.28,148.28
2022-11-15,152.21,153.59,148.56,150.04,150.04
2022-11-16,149.13,149.87,147.29,148.79,148.79
2022-11-17,146.43,151.48,146.15,150.72,150.72
2022-11-18,152.3,152.7,149.97,151.29,151.29
2022-11-21,150.16,150.37,147.71,148.01,148.01
2022-11-22,148.13,150.42,146.93,150.18,150.18
2022-11-23,149.45,151.83,149.34,151.07,151.07
2022-11-25,148.3,148.88,147.12,148.11,148.11
2022-11-28,145.14,146.64,143.38,144.22,144.22
2022-11-29,144.29,144.81,140.35,141.17,141.17
2022-11-30,141.4,148.72,140.55,148.03,148.03
2022-12-01,148.21,149.13,146.61,148.31,148.31
2022-12-02,145.96,148.0,145.65,147.81,147.81
2022-12-05,147.77,150.92,145.77,146.63,146.63
2022-12-06,147.07,147.3,141.92,142.91,142.91
2022-12-07,142.19,143.37,140.0,140.94,140.94
2022-12-08,142.36,143.52,141.1,142.65,142.65
2022-12-09,142.34,145.57,140.9,142.16,142.16
2022-12-12,142.7,144.5,141.06,144.49,144.49
2022-12-13,149.5,149.97,144.24,145.47,145.47
2022-12-14,145.35,146.65,141.16,143.21,143.21
2022-12-15,141.11,141.8,136.02,136.5,136.5
2022-12-16,136.68,137.65,133.73,134.51,134.51
2022-12-19,135.11,135.2,131.32,132.37,132.37
2022-12-20,131.39,133.25,129.89,132.3,132.3
2022-12-21,132.98,136.81,132.75,135.45,135.45
2022-12-22,134.35,134.56,130.3,132.23,132.23
2022-12-23,130.92,132.41,129.64,131.86,131.86
2022-12-27,131.38,131.41,128.72,130.03,130.03
2022-12-28,129.67,131.03,125.87,126.04,126.04
2022-12-29,127.99,130.48,127.73,129.61,129.61
2022-12-30,128.41,129.95,127.43,129.93,129.93
2023-01-03,130.28,130.9,124.17,125.07,125.07
2023-01-04,126.89,128.66,125.08,126.36,126.36
2023-01-05,127.13,127.77,124.76,125.02,125.02
2023-01-06,126.01,130.29,124.89,129.62,129.62
2023-01-09,130.46,133.41,129.89,130.15,130.15
2023-01-10,130.26,131.26,128.12,130.73,130.73
2023-01-11,131.25,133.51,130.46,133.49,133.49
2023-01-12,133.88,134.26,131.44,133.41,133.41
2023-01-13,132.03,134.92,131.66,134.76,134.76
2023-01-17,134.83,137.29,134.13,135.94,135.94
2023-01-18,136.82,138.61,135.03,135.21,135.21
2023-01-19,134.08,136.25,133.77,135.27,135.27
2023-01-20,135.28,138.02,134.22,137.87,137.87
2023-01-23,138.12,143.32,137.9,141.11,141.11
2023-01-24,140.3,143.16,140.3,142.53,142.53
2023-01-25,140.89,142.43,138.81,141.86,141.86
2023-01-26,143.17,144.25,141.9,143.96,143.96
2023-01-27,143.15,147.23,143.08,145.93,145.93
2023-01-30,144.96,145.55,142.85,143.0,143.0
2023-01-31,142.7,144.34,142.28,144.29,144.29
2023-02-01,143.97,146.61,141.32,145.43,145.43
2023-02-02,148.9,151.18,148.17,150.82,150.82
2023-02-03,148.03,157.38,147.83,154.5,154.5
2023-02-06,152.57,153.1,150.78,151.73,151.73
2023-02-07,150.64,155.23,150.64,154.65,154.65
2023-02-08,153.88,154.58,151.17,151.92,151.92
2023-02-09,153.77,154.33,150.42,150.87,150.87
2023-02-10,149.46,151.34,149.22,151.01,151.01
2023-02-13,150.95,154.26,150.92,153.85,153.85
2023-02-14,152.12,153.77,150.86,153.2,153.2
2023-02-15,153.11,155.5,152.88,155.33,155.33
2023-02-16,153.51,156.33,153.35,153.71,153.71
2023-02-17,152.35,153.0,150.85,152.55,152.55
2023-02-21,150.2,151.3,148.4,148.48,148.48
2023-02-22,148.87,149.95,147.16,148.91,148.91
2023-02-23,150.09,150.34,147.24,149.4,149.4
2023-02-24,147.11,147.19,145.72,146.71,146.71
2023-02-27,147.71,149.17,147.45,147.92,147.92
2023-02-28,147.05,149.08,146.83,147.41,147.41
2023-03-01,146.83,147.23,145.01,145.31,145.31
2023-03-02,144.38,146.71,143.9,145.91,145.91
2023-03-03,148.04,151.11,147.33,151.03,151.03
2023-03-06,153.79,156.3,153.46,153.83,153.83
2023-03-07,153.7,154.03,151.13,151.6,151.6
2023-03-08,152.81,153.47,151.83,152.87,152.87
2023-03-09,153.56,154.54,150.23,150.59,150.59
2023-03-10,150.21,150.94,147.61,148.5,148.5
2023-03-13,147.8,153.14,147.7,150.47,150.47
2023-03-14,151.28,153.4,150.1,152.59,152.59
2023-03-15,151.19,153.24,149.92,152.99,152.99
2023-03-16,152.16,156.46,151.64,155.85,155.85
2023-03-17,156.08,156.74,154.28,155.0,155.0
2023-03-20,155.07,157.82,154.15,157.4,157.4
2023-03-21,157.32,159.4,156.54,159.28,159.28
2023-03-22,159.3,162.14,157.81,157.83,157.83
2023-03-23,158.83,161.55,157.68,158.93,158.93
2023-03-24,158.86,160.34,157.85,160.25,160.25
2023-03-27,159.94,160.77,157.87,158.28,158.28
2023-03-28,157.97,158.49,155.98,157.65,157.65
2023-03-29,159.37,161.05,159.35,160.77,160.77
2023-03-30,161.53,162.47,161.27,162.36,162.36
2023-03-31,162.44,165.0,161.91,164.9,164.9
2023-04-03,164.27,166.29,164.22,166.17,166.17
2023-04-04,166.6,166.84,165.11,165.63,165.63
2023-04-05,164.74,165.05,161.8,163.76,163.76
2023-04-06,162.43,164.96,162.0,164.66,164.66
2023-04-10,161.42,162.03,160.08,162.03,162.03
2023-04-11,162.35,162.36,160.51,160.8,160.8
2023-04-12,161.22,162.06,159.78,160.1,160.1
2023-04-13,161.63,165.8,161.42,165.56,165.56
2023-04-14,164.59,166.32,163.82,165.21,165.21
2023-04-17,165.09,165.39,164.03,165.23,165.23
2023-04-18,166.1,167.41,165.65,166.47,166.47
2023-04-19,165.8,168.16,165.54,167.63,167.63
2023-04-20,166.09,167.87,165.56,166.65,166.65
2023-04-21,165.05,166.45,164.49,165.02,165.02
2023-04-24,165.0,165.6,163.89,165.33,165.33
2023-04-25,165.19,166.3,163.73,163.77,163.77
2023-04-26,163.05,165.28,162.8,163.76,163.76
2023-04-27,165.19,168.56,165.19,168.41,168.41
2023-04-28,168.49,169.85,167.88,169.68,169.68
2023-05-01,169.28,170.45,168.64,169.59,169.59
2023-05-02,170.09,170.35,167.54,168.54,168.54
2023-05-03,169.5,170.92,167.16,167.45,167.45
2023-05-04,164.89,167.04,164.31,165.79,165.79
2023-05-05,170.98,174.3,170.76,173.57,173.57
2023-05-08,172.48,173.85,172.11,173.5,173.5
2023-05-09,173.05,173.54,171.6,171.77,171.77
2023-05-10,173.02,174.03,171.9,173.55,173.55
2023-05-11,173.85,174.59,172.17,173.75,173.75
2023-05-12,173.62,174.06,171.0,172.57,172.57
2023-05-15,173.16,173.21,171.47,172.07,172.07
2023-05-16,171.99,173.14,171.8,172.07,172.07
2023-05-17,171.71,172.93,170.42,172.69,172.69
2023-05-18,173.0,175.24,172.58,175.05,175.05
2023-05-19,176.39,176.39,174.94,175.16,175.16
2023-05-22,173.98,174.71,173.45,174.2,174.2
2023-05-23,173.13,173.38,171.27,171.56,171.56
2023-05-24,171.09,172.42,170.52,171.84,171.84
2023-05-25,172.41,173.9,171.69,172.99,172.99
2023-05-26,173.32,175.77,173.11,175.43,175.43
2023-05-30,176.96,178.99,176.57,177.3,177.3
2023-05-31,177.32,179.35,176.76,177.25,177.25
2023-06-01,177.7,180.12,176.93,180.09,180.09
2023-06-02,181.03,181.78,179.26,180.95,180.95
2023-06-05,182.63,184.95,178.04,179.58,179.58
2023-06-06,179.96,180.12,177.43,179.21,179.21
2023-06-07,178.44,181.21,177.32,177.82,177.82
2023-06-08,177.9,180.84,177.46,180.57,180.57
2023-06-09,181.5,182.23,180.63,180.96,180.96
2023-06-12,181.27,183.89,180.97,183.79,183.79
2023-06-13,182.8,184.15,182.44,183.31,183.31
2023-06-14,183.37,184.39,182.02,183.95,183.95
2023-06-15,183.96,186.52,183.78,186.01,186.01
2023-06-16,186.73,186.99,184.27,184.92,184.92
2023-06-20,184.41,186.1,184.41,185.01,185.01
2023-06-21,184.9,185.41,182.59,183.96,183.96
2023-06-22,183.74,187.04,183.67,187.0,187.0
2023-06-23,185.55,187.56,185.01,186.68,186.68
2023-06-26,186.83,188.05,185.23,185.27,185.27
2023-06-27,185.89,188.39,185.67,188.06,188.06
2023-06-28,187.93,189.9,187.6,189.25,189.25
2023-06-29,189.08,190.07,188.94,189.59,189.59
2023-06-30,191.63,194.48,191.26,193.97,193.97
2023-07-03,193.78,193.88,191.76,192.46,192.46
2023-07-05,191.57,192.98,190.62,191.33,191.33
2023-07-06,189.84,192.02,189.2,191.81,191.81
2023-07-07,191.41,192.67,190.24,190.68,190.68
2023-07-10,189.26,189.99,187.04,188.61,188.61
2023-07-11,189.16,189.3,186.6,188.08,188.08
2023-07-12,189.68,191.7,188.47,189.77,189.77
2023-07-13,190.5,191.19,189.78,190.54,190.54
2023-07-14,190.23,191.18,189.63,190.69,190.69
2023-07-17,191.9,194.32,191.81,193.99,193.99
2023-07-18,193.35,194.33,192.41,193.73,193.73
2023-07-19,193.1,198.23,192.65,195.1,195.1
2023-07-20,195.09,196.47,192.49,193.13,193.13
2023-07-21,194.1,194.97,191.23,191.94,191.94
2023-07-24,193.41,194.91,192.25,192.75,192.75
2023-07-25,193.33,194.44,192.91,193.62,193.62
2023-07-26,193.67,195.64,193.32,194.5,194.5
2023-07-27,196.02,197.2,192.55,193.22,193.22
2023-07-28,194.67,196.63,194.14,195.83,195.83
2023-07-31,196.06,196.49,195.26,196.45,196.45
2023-08-01,196.24,196.73,195.28,195.6,195.6
2023-08-02,195.04,195.18,191.85,192.58,192.58
2023-08-03,191.57,192.37,190.69,191.17,191.17
2023-08-04,185.52,187.38,181.92,181.99,181.99
2023-08-07,182.13,183.13,177.35,178.85,178.85
2023-08-08,179.69,180.27,177.58,179.8,179.8
2023-08-09,180.87,180.93,177.01,178.19,178.19
2023-08-10,179.48,180.75,177.6,177.97,177.97
2023-08-11,177.32,178.62,176.55,177.79,177.79
2023-08-14,177.97,179.69,177.3,179.46,179.46
2023-08-15,178.88,179.48,177.05,177.45,177.45
2023-08-16,177.13,178.54,176.5,176.57,176.57
2023-08-17,177.14,177.51,173.48,174.0,174.0
2023-08-18,172.3,175.1,171.96,174.49,174.49
2023-08-21,175.07,176.13,173.74,175.84,175.84
2023-08-22,177.06,177.68,176.25,177.23,177.23
2023-08-23,178.52,181.55,178.32,181.12,181.12
2023-08-24,180.67,181.1,176.01,176.38,176.38
2023-08-25,177.38,179.15,175.82,178.61,178.61
2023-08-28,180.09,180.59,178.54,180.19,180.19
2023-08-29,179.7,184.9,179.5,184.12,184.12
2023-08-30,184.94,187.85,184.74,187.65,187.65
2023-08-31,187.84,189.12,187.48,187.87,187.87
2023-09-01,189.49,189.92,188.28,189.46,189.46
2023-09-05,188.28,189.98,187.61,189.7,189.7
2023-09-06,188.4,188.85,181.47,182.91,182.91
2023-09-07,175.18,178.21,173.54,177.56,177.56
2023-09-08,178.35,180.24,177.79,178.18,178.18
2023-09-11,180.07,180.3,177.34,179.36,179.36
2023-09-12,179.49,180.13,174.82,176.3,176.3
2023-09-13,176.51,177.3,173.98,174.21,174.21
2023-09-14,174.0,176.1,173.58,175.74,175.74
2023-09-15,176.48,176.49,173.82,175.01,175.01
2023-09-18,176.48,179.38,176.17,177.97,177.97
2023-09-19,177.52,179.63,177.13,179.07,179.07
2023-09-20,179.26,179.7,175.4,175.49,175.49
2023-09-21,174.55,176.3,173.86,173.93,173.93
2023-09-22,174.67,177.08,174.05,174.79,174.79
2023-09-25,174.2,176.97,174.15,176.08,176.08
2023-09-26,174.82,175.2,171.66,171.96,171.96
2023-09-27,172.62,173.04,169.05,170.43,170.43
2023-09-28,169.34,172.03,167.62,170.69,170.69
2023-09-29,172.02,173.07,170.34,171.21,171.21
2023-10-02,171.22,174.3,170.93,173.75,173.75
2023-10-03,172.26,173.63,170.82,172.4,172.4
2023-10-04,171.09,174.21,170.97,173.66,173.66
2023-10-05,173.79,175.45,172.68,174.91,174.91
2023-10-06,173.8,177.99,173.18,177.49,177.49
2023-10-09,176.81,179.05,175.8,178.99,178.99
2023-10-10,178.1,179.72,177.95,178.39,178.39
2023-10-11,178.2,179.85,177.6,179.8,179.8
2023-10-12,180.07,182.34,179.04,180.71,180.71
2023-10-13,181.42,181.93,178.14,178.85,178.85
2023-10-16,176.75,179.07,176.51,178.72,178.72
2023-10-17,176.65,178.42,174.8,177.15,177.15
2023-10-18,175.58,177.57,175.11,175.84,175.84
2023-10-19,176.04,177.84,175.19,175.46,175.46
2023-10-20,175.31,175.42,172.64,172.88,172.88
2023-10-23,170.91,174.01,169.93,173.0,173.0
2023-10-24,173.05,173.67,171.45,173.44,173.44
2023-10-25,171.88,173.06,170.65,171.1,171.1
2023-10-26,170.37,171.38,165.67,166.89,166.89
2023-10-27,166.91,168.96,166.83,168.22,168.22
2023-10-30,169.02,171.17,168.87,170.29,170.29
2023-10-31,169.35,170.9,167.9,170.77,170.77
2023-11-01,171.0,174.23,170.12,173.97,173.97
2023-11-02,175.52,177.78,175.46,177.57,177.57
2023-11-03,174.24,176.82,173.35,176.65,176.65
2023-11-06,176.38,179.43,176.21,179.23,179.23
2023-11-07,179.18,182.44,178.97,181.82,181.82
2023-11-08,182.35,183.45,181.59,182.89,182.89
2023-11-09,182.96,184.12,181.81,182.41,182.41
2023-11-10,183.97,186.57,183.53,186.4,186.4
2023-11-13,185.82,186.03,184.21,184.8,184.8
2023-11-14,187.7,188.11,186.3,187.44,187.44
2023-11-15,187.85,189.5,187.78,188.01,188.01
2023-11-16,189.57,190.96,188.65,189.71,189.71
2023-11-17,190.25,190.38,188.57,189.69,189.69
2023-11-20,189.89,191.9,189.88,191.45,191.45
2023-11-21,191.41,191.52,189.74,190.64,190.64
2023-11-22,191.49,192.93,190.82,191.31,191.31
2023-11-24,190.87,190.9,189.25,189.97,189.97
2023-11-27,189.92,190.67,188.9,189.79,189.79
2023-11-28,189.78,191.08,189.4,190.4,190.4
2023-11-29,190.9,192.09,188.97,189.37,189.37
2023-11-30,189.84,190.32,188.19,189.95,189.95
2023-12-01,190.33,191.56,189.23,191.24,191.24
2023-12-04,189.98,190.05,187.45,189.43,189.43
2023-12-05,190.21,194.4,190.18,193.42,193.42
2023-12-06,194.45,194.76,192.11,192.32,192.32
2023-12-07,193.63,195.0,193.59,194.27,194.27
2023-12-08,194.2,195.99,193.67,195.71,195.71
2023-12-11,193.11,193.49,191.42,193.18,193.18
2023-12-12,193.08,194.72,191.72,194.71,194.71
2023-12-13,195.09,198.0,194.85,197.96,197.96
2023-12-14,198.02,199.62,196.16,198.11,198.11
2023-12-15,197.53,198.4,197.0,197.57,197.57
2023-12-18,196.09,196.63,194.39,195.89,195.89
2023-12-19,196.16,196.95,195.89,196.94,196.94
2023-12-20,196.9,197.68,194.83,194.83,194.83
2023-12-21,196.1,197.08,193.5,194.68,194.68
2023-12-22,195.18,195.41,192.97,193.6,193.6
2023-12-26,193.61,193.89,192.83,193.05,193.05
2023-12-27,192.49,193.5,191.09,193.15,193.15
2023-12-28,194.14,194.66,193.17,193.58,193.58
2023-12-29,193.9,194.4,191.73,192.53,192.53
2024-01-02,187.15,188.44,183.88,185.64,185.64
2024-01-03,184.22,185.88,183.43,184.25,184.25
2024-01-04,182.15,183.09,180.88,181.91,181.91
2024-01-05,181.99,182.76,180.17,181.18,181.18
2024-01-08,182.09,185.6,181.5,185.56,185.56
2024-01-09,183.92,185.15,182.73,185.14,185.14
2024-01-10,184.35,186.4,183.92,186.19,186.19
2024-01-11,186.54,187.05,183.62,185.59,185.59
2024-01-12,186.06,186.74,185.19,185.92,185.92
2024-01-16,182.16,184.26,180.93,183.63,183.63
2024-01-17,181.27,182.93,180.3,182.68,182.68
2024-01-18,186.09,189.14,185.83,188.63,188.63
2024-01-19,189.33,191.95,188.82,191.56,191.56
2024-01-22,192.3,195.33,192.26,193.89,193.89
2024-01-23,195.02,195.75,193.83,195.18,195.18
2024-01-24,195.42,196.38,194.34,194.5,194.5
2024-01-25,195.22,196.27,193.11,194.17,194.17
2024-01-26,194.27,194.76,191.94,192.42,192.42
2024-01-29,192.01,192.2,189.58,191.73,191.73
2024-01-30,190.94,191.8,187.47,188.04,188.04
2024-01-31,187.04,187.1,184.35,184.4,184.4
2024-02-01,183.99,186.95,183.82,186.86,186.86
2024-02-02,179.86,187.33,179.25,185.85,185.85
2024-02-05,188.15,189.25,185.84,187.68,187.68
2024-02-06,186.86,189.31,186.77,189.3,189.3
2024-02-07,190.64,191.05,188.61,189.41,189.41
2024-02-08,189.38,189.54,187.35,188.32,188.32
2024-02-09,188.65,189.99,188.0,188.85,188.85
2024-02-12,188.41,188.67,186.79,187.15,187.15
2024-02-13,185.77,186.21,183.51,185.04,185.04
2024-02-14,185.32,185.53,182.44,184.15,184.15
2024-02-15,183.55,184.49,181.35,183.86,183.86
2024-02-16,183.42,184.85,181.66,182.31,182.31
2024-02-20,181.79,182.43,180.0,181.56,181.56
2024-02-21,181.94,182.89,180.66,182.32,182.32
2024-02-22,183.48,184.96,182.46,184.37,184.37
2024-02-23,185.01,185.04,182.23,182.52,182.52
2024-02-26,182.24,182.76,180.65,181.16,181.16
2024-02-27,181.1,183.92,179.56,182.63,182.63
2024-02-28,182.51,183.12,180.13,181.42,181.42
2024-02-29,181.27,182.57,179.53,180.75,180.75
2024-03-01,179.55,180.53,177.38,179.66,179.66
2024-03-04,176.15,176.9,173.79,175.1,175.1
2024-03-05,170.76,172.04,169.62,170.12,170.12
2024-03-06,171.06,171.24,168.68,169.12,169.12
2024-03-07,169.15,170.73,168.49,169.0,169.0
2024-03-08,169.0,173.7,168.94,170.73,170.73
2024-03-11,172.94,174.38,172.05,172.75,172.75
2024-03-12,173.15,174.03,171.01,173.23,173.23
2024-03-13,172.77,173.18,170.76,171.13,171.13
2024-03-14,172.91,174.31,172.05,173.0,173.0
2024-03-15,171.17,172.62,170.29,172.62,172.62
2024-03-18,175.57,177.71,173.52,173.72,173.72
2024-03-19,174.34,176.6,173.03,176.08,176.08
2024-03-20,175.72,178.67,175.09,178.67,178.67
2024-03-21,177.05,177.49,170.84,171.37,171.37
2024-03-22,171.76,173.05,170.06,172.28,172.28
2024-03-25,170.57,171.94,169.45,170.85,170.85
2024-03-26,170.0,171.42,169.58,169.71,169.71
2024-03-27,170.41,173.6,170.11,173.31,173.31
2024-03-28,171.75,172.23,170.51,171.48,171.48
2024-04-01,171.19,171.25,169.48,170.03,170.03
2024-04-02,169.08,169.34,168.23,168.84,168.84
2024-04-03,168.79,170.68,168.58,169.65,169.65
2024-04-04,170.29,171.92,168.82,168.82,168.82
2024-04-05,169.59,170.39,168.95,169.58,169.58
2024-04-08,169.03,169.2,168.24,168.45,168.45
2024-04-09,168.7,170.08,168.35,169.67,169.67
2024-04-10,168.8,169.09,167.11,167.78,167.78
2024-04-11,168.34,175.46,168.16,175.04,175.04
2024-04-12,174.26,178.36,174.21,176.55,176.55
2024-04-15,175.36,176.63,172.5,172.69,172.69
2024-04-16,171.75,173.76,168.27,169.38,169.38
2024-04-17,169.61,170.65,168.0,168.0,168.0
2024-04-18,168.03,168.64,166.55,167.04,167.04
2024-04-19,166.21,166.4,164.07,165.0,165.0
2024-04-22,165.51,167.26,164.77,165.84,165.84
2024-04-23,165.35,167.05,164.92,166.9,166.9
2024-04-24,166.54,169.3,166.21,169.02,169.02
2024-04-25,169.52,170.61,168.15,169.89,169.89
2024-04-26,169.88,171.34,169.18,169.3,169.3
2024-04-29,173.37,176.03,173.1,173.5,173.5
2024-04-30,173.33,174.99,170.0,170.33,170.33
2024-05-01,169.58,172.71,169.11,169.3,169.3
2024-05-02,172.51,173.41,170.89,173.03,173.03
2024-05-03,186.65,187.0,182.66,183.38,183.38
2024-05-06,182.35,184.2,180.42,181.71,181.71
2024-05-07,183.45,184.9,181.32,182.4,182.4
2024-05-08,182.85,183.07,181.45,182.74,182.74
2024-05-09,182.56,184.66,182.11,184.57,184.57
2024-05-10,184.9,185.09,182.13,183.05,183.05
2024-05-13,185.43,187.1,184.62,186.28,186.28
2024-05-14,187.51,188.3,186.29,187.43,187.43
2024-05-15,187.91,190.65,187.37,189.72,189.72
2024-05-16,190.47,191.1,189.66,189.84,189.84
2024-05-17,189.51,190.81,189.18,189.87,189.87
2024-05-20,189.32,191.92,189.01,191.04,191.04
2024-05-21,191.09,192.73,190.92,192.35,192.35
2024-05-22,192.26,192.82,190.27,190.9,190.9
2024-05-23,190.98,191.0,186.63,186.88,186.88
2024-05-24,188.82,190.58,188.04,189.98,189.98
2024-05-28,191.51,193.0,189.1,189.99,189.99
2024-05-29,189.61,192.25,189.51,190.29,190.29
2024-05-30,190.76,192.18,190.63,191.29,191.29
2024-05-31,191.44,192.57,189.91,192.25,192.25
2024-06-03,192.9,194.99,192.52,194.03,194.03
2024-06-04,194.63,195.32,193.03,194.35,194.35
2024-06-05,195.4,196.9,194.87,195.87,195.87
2024-06-06,195.68,196.5,194.17,194.48,194.48
2024-06-07,194.65,196.94,194.14,196.89,196.89
2024-06-10,196.9,197.3,192.15,193.12,193.12
2024-06-11,193.65,207.16,193.63,207.15,207.15
2024-06-12,207.37,220.2,206.9,213.07,213.07
2024-06-13,214.74,216.75,211.6,214.24,214.24
2024-06-14,213.85,215.17,211.3,212.49,212.49
2024-06-17,213.37,218.95,212.72,216.67,216.67
2024-06-18,217.59,218.63,213.0,214.29,214.29
2024-06-20,213.93,214.24,208.85,209.68,209.68
2024-06-21,210.39,211.89,207.11,207.49,207.49
2024-06-24,207.72,212.7,206.59,208.14,208.14
2024-06-25,209.15,211.38,208.61,209.07,209.07
2024-06-26,211.5,214.86,210.64,213.25,213.25
2024-06-27,214.69,215.74,212.35,214.1,214.1
2024-06-28,215.77,216.07,210.3,210.62,210.62
2024-07-01,212.09,217.51,211.92,216.75,216.75
2024-07-02,216.15,220.38,215.1,220.27,220.27
2024-07-03,220.0,221.55,219.03,221.55,221.55
2024-07-05,221.65,226.45,221.65,226.34,226.34
2024-07-08,227.09,227.85,223.25,227.82,227.82
2024-07-09,227.93,229.4,226.37,228.68,228.68
2024-07-10,229.3,233.08,229.25,232.98,232.98
2024-07-11,231.39,232.39,225.77,227.57,227.57
2024-07-12,228.92,232.64,228.68,230.54,230.54
2024-07-15,236.48,237.23,233.09,234.4,234.4
2024-07-16,235.0,236.27,232.33,234.82,234.82
2024-07-17,229.45,231.46,226.64,228.88,228.88
2024-07-18,230.28,230.44,222.27,224.18,224.18
2024-07-19,224.82,226.8,223.27,224.31,224.31
2024-07-22,227.01,227.78,223.09,223.96,223.96
2024-07-23,224.37,226.94,222.68,225.01,225.01
2024-07-24,224.0,224.8,217.13,218.54,218.54
2024-07-25,218.93,220.85,214.62,217.49,217.49
2024-07-26,218.7,219.49,216.01,217.96,217.96
2024-07-29,216.96,219.3,215.75,218.24,218.24
2024-07-30,219.19,220.32,216.12,218.8,218.8
2024-07-31,221.44,223.82,220.63,222.08,222.08
2024-08-01,224.37,224.48,217.02,218.36,218.36
2024-08-02,219.15,225.6,217.71,219.86,219.86
2024-08-05,199.09,213.5,196.0,209.27,209.27
2024-08-06,205.3,209.99,201.07,207.23,207.23
2024-08-07,206.9,213.64,206.39,209.82,209.82
2024-08-08,213.11,214.2,208.83,213.31,213.31
2024-08-09,212.1,216.78,211.97,216.24,216.24
2024-08-12,216.07,219.51,215.6,217.53,217.53
2024-08-13,219.01,221.89,219.01,221.27,221.27
2024-08-14,220.57,223.03,219.7,221.72,221.72
2024-08-15,224.6,225.35,222.76,224.72,224.72
2024-08-16,223.92,226.83,223.65,226.05,226.05
2024-08-19,225.72,225.99,223.04,225.89,225.89
2024-08-20,225.77,227.17,225.45,226.51,226.51
2024-08-21,226.52,227.98,225.05,226.4,226.4
2024-08-22,227.79,228.34,223.9,224.53,224.53
2024-08-23,225.66,228.22,224.33,226.84,226.84
2024-08-26,226.76,227.28,223.89,227.18,227.18
2024-08-27,225.99,228.85,224.89,228.03,228.03
2024-08-28,227.92,229.86,225.68,226.49,226.49
2024-08-29,230.1,232.92,228.88,229.79,229.79
2024-08-30,230.19,230.4,227.48,229.0,229.0
2024-09-03,228.55,229.0,221.17,222.77,222.77
2024-09-04,221.66,221.78,217.48,220.85,220.85
2024-09-05,221.63,225.48,221.52,222.38,222.38
2024-09-06,223.95,225.24,219.77,220.82,220.82
2024-09-09,220.82,221.27,216.71,220.91,220.91
2024-09-10,218.92,221.48,216.73,220.11,220.11
2024-09-11,221.46,223.09,217.89,222.66,222.66
2024-09-12,222.5,223.55,219.82,222.77,222.77
2024-09-13,223.58,224.04,221.91,222.5,222.5
2024-09-16,216.54,217.22,213.92,216.32,216.32
2024-09-17,215.75,216.9,214.5,216.79,216.79
2024-09-18,217.55,222.71,217.54,220.69,220.69
2024-09-19,224.99,229.82,224.63,228.87,228.87
2024-09-20,229.97,233.09,227.62,228.2,228.2
2024-09-23,227.34,229.45,225.81,226.47,226.47
2024-09-24,228.65,229.35,225.73,227.37,227.37
2024-09-25,224.93,227.29,224.02,226.37,226.37
2024-09-26,227.3,228.5,225.41,227.52,227.52
2024-09-27,228.46,229.52,227.3,227.79,227.79
2024-09-30,230.04,233.0,229.65,233.0,233.0
2024-10-01,229.52,229.65,223.74,226.21,226.21
2024-10-02,225.89,227.37,223.02,226.78,226.78
2024-10-03,225.14,226.8,223.32,225.67,225.67
2024-10-04,227.9,228.0,224.13,226.8,226.8
2024-10-07,224.5,225.69,221.33,221.69,221.69
2024-10-08,224.3,225.98,223.25,225.77,225.77
2024-10-09,225.23,229.75,224.83,229.54,229.54
2024-10-10,227.78,229.5,227.17,229.04,229.04
2024-10-11,229.3,229.41,227.34,227.55,227.55
2024-10-14,228.7,231.73,228.6,231.3,231.3
2024-10-15,233.61,237.49,232.37,233.85,233.85
2024-10-16,231.6,232.12,229.84,231.78,231.78
2024-10-17,233.43,233.85,230.52,232.15,232.15
2024-10-18,236.18,236.18,234.01,235.0,235.0
2024-10-21,234.45,236.85,234.45,236.48,236.48
2024-10-22,233.88,236.22,232.6,235.86,235.86
2024-10-23,234.08,235.14,227.76,230.76,230.76
2024-10-24,229.98,230.82,228.41,230.57,230.57
2024-10-25,229.74,233.22,229.57,231.41,231.41
2024-10-28,233.32,234.73,232.55,233.4,233.4
2024-10-29,233.1,234.32,232.32,233.67,233.67
2024-10-30,232.61,233.47,229.55,230.1,230.1
2024-10-31,229.34,229.83,225.37,225.91,225.91
2024-11-01,220.96,225.35,220.27,222.91,222.91
2024-11-04,220.99,222.79,219.71,222.01,222.01
2024-11-05,221.79,223.95,221.14,223.45,223.45
2024-11-06,222.61,226.07,221.19,222.72,222.72
2024-11-07,224.63,227.88,224.57,227.48,227.48
2024-11-08,227.17,228.66,226.4,226.96,226.96
2024-11-11,225.0,225.7,221.5,224.23,224.23
