Date,Price,Adj Close,Close,Low,High,Open,Volume
2023-11-13 00:00:00+00:00,113.02450561523438,114.1500015258789,114.48999786376953,112.77999877929688,113.06999969482422,5740500
2023-11-14 00:00:00+00:00,114.95526885986328,116.0999984741211,116.45999908447266,114.44999694824219,114.86000061035156,6733700
2023-11-15 00:00:00+00:00,112.93538665771484,114.05999755859375,116.30999755859375,113.93000030517578,116.1500015258789,7386200
2023-11-16 00:00:00+00:00,113.53936767578125,114.66999816894531,115.87000274658203,113.47000122070312,113.76000213623047,7476100
2023-11-17 00:00:00+00:00,114.22257232666016,115.36000061035156,115.63999938964844,114.16000366210938,114.61000061035156,4791300
2023-11-20 00:00:00+00:00,115.7671890258789,116.91999816894531,117.1500015258789,115.51000213623047,115.6500015258789,5728300
2023-11-21 00:00:00+00:00,114.93547821044922,116.08000183105469,117.66999816894531,115.68000030517578,117.20999908447266,5995300
2023-11-22 00:00:00+00:00,115.0938949584961,116.23999786376953,117.29000091552734,115.51000213623047,116.69999694824219,4343700
2023-11-24 00:00:00+00:00,115.10379791259766,116.25,116.58999633789062,115.33999633789062,116.48999786376953,2168200
2023-11-27 00:00:00+00:00,115.3216323852539,116.47000122070312,116.7699966430664,115.44999694824219,116.01000213623047,5165300
2023-11-28 00:00:00+00:00,115.0938949584961,116.23999786376953,116.80000305175781,115.87000274658203,116.0,4892600
2023-11-29 00:00:00+00:00,115.06419372558594,116.20999908447266,117.58000183105469,115.95999908447266,117.33999633789062,6127200
2023-11-30 00:00:00+00:00,115.06419372558594,116.20999908447266,117.2300033569336,115.18000030517578,116.86000061035156,11075600
2023-12-01 00:00:00+00:00,116.00482177734375,117.16000366210938,117.3499984741211,115.26000213623047,116.06999969482422,5738000
2023-12-04 00:00:00+00:00,114.63843536376953,115.77999877929688,116.68000030517578,114.55000305175781,116.2699966430664,5587500
2023-12-05 00:00:00+00:00,113.4007568359375,114.52999877929688,115.2699966430664,113.80999755859375,114.56999969482422,5913600
2023-12-06 00:00:00+00:00,110.92539978027344,112.02999877929688,114.98999786376953,111.93000030517578,114.94000244140625,7815700
2023-12-07 00:00:00+00:00,111.75712585449219,112.87000274658203,113.02999877929688,111.80999755859375,112.41000366210938,6772800
2023-12-08 00:00:00+00:00,112.48982238769531,113.61000061035156,113.63999938964844,111.58999633789062,112.01000213623047,7753900
2023-12-11 00:00:00+00:00,113.99483489990234,115.12999725341797,115.3499984741211,113.61000061035156,113.7699966430664,19544200
2023-12-12 00:00:00+00:00,99.81603240966797,100.80999755859375,104.94999694824219,100.69000244140625,102.69999694824219,57666500
2023-12-13 00:00:00+00:00,101.97453308105469,102.98999786376953,103.0999984741211,99.26000213623047,101.08000183105469,29392200
2023-12-14 00:00:00+00:00,99.32096099853516,100.30999755859375,102.25,99.87000274658203,101.87000274658203,22865200
2023-12-15 00:00:00+00:00,102.30128479003906,103.31999969482422,103.98999786376953,99.36000061035156,99.69000244140625,30198200
2023-12-18 00:00:00+00:00,103.9647216796875,105.0,106.16000366210938,102.91000366210938,103.41000366210938,13473100
2023-12-19 00:00:00+00:00,105.202392578125,106.25,106.33999633789062,104.80000305175781,104.9800033569336,10108500
2023-12-20 00:00:00+00:00,103.12310028076172,104.1500015258789,106.08999633789062,104.05000305175781,105.94999694824219,9242000
2023-12-21 00:00:00+00:00,104.81623840332031,105.86000061035156,105.93000030517578,104.5199966430664,104.69999694824219,8168000
2023-12-22 00:00:00+00:00,105.15288543701172,106.19999694824219,106.48999786376953,105.45999908447266,105.69999694824219,5678300
2023-12-26 00:00:00+00:00,105.14299774169922,106.19000244140625,106.6500015258789,105.33999633789062,106.5199966430664,5767400
2023-12-27 00:00:00+00:00,104.89545440673828,105.94000244140625,106.33000183105469,105.55999755859375,106.31999969482422,5627400
2023-12-28 00:00:00+00:00,105.202392578125,106.25,106.61000061035156,105.58000183105469,106.01000213623047,5689100
2023-12-29 00:00:00+00:00,104.3904800415039,105.43000030517578,106.91999816894531,104.77999877929688,106.5999984741211,6897200
2024-01-02 00:00:00+00:00,103.03398895263672,104.05999755859375,104.68000030517578,102.44000244140625,104.5199966430664,9597500
2024-01-03 00:00:00+00:00,101.44976043701172,102.45999908447266,103.37999725341797,101.73999786376953,103.30000305175781,9455600
2024-01-04 00:00:00+00:00,101.57847595214844,102.58999633789062,103.36000061035156,102.4000015258789,102.7699966430664,6822300
2024-01-05 00:00:00+00:00,101.71710205078125,102.7300033569336,103.72000122070312,102.29000091552734,102.52999877929688,6131500
2024-01-08 00:00:00+00:00,103.6280746459961,104.66000366210938,104.7699966430664,102.12999725341797,102.94000244140625,7038700
2024-01-09 00:00:00+00:00,102.60822296142578,103.62999725341797,104.4800033569336,103.29000091552734,103.8499984741211,6725200
2024-01-10 00:00:00+00:00,103.2940673828125,103.91999816894531,104.06999969482422,102.72000122070312,103.08999633789062,7270500
2024-01-11 00:00:00+00:00,104.13895416259766,104.7699966430664,104.83999633789062,103.54000091552734,104.3499984741211,6119000
2024-01-12 00:00:00+00:00,105.95792388916016,106.5999984741211,106.69999694824219,104.97000122070312,105.0999984741211,9696700
2024-01-16 00:00:00+00:00,105.92810821533203,106.56999969482422,106.66000366210938,105.41999816894531,106.41000366210938,7547200
2024-01-17 00:00:00+00:00,105.78895568847656,106.43000030517578,107.5,105.68000030517578,106.45999908447266,7771500
2024-01-18 00:00:00+00:00,108.04527282714844,108.69999694824219,108.87999725341797,106.62000274658203,106.98999786376953,10362300
2024-01-19 00:00:00+00:00,109.00943756103516,109.66999816894531,110.22000122070312,109.0199966430664,109.31999969482422,11121300
2024-01-22 00:00:00+00:00,109.43685150146484,110.0999984741211,110.69000244140625,109.2699966430664,110.05999755859375,7485300
2024-01-23 00:00:00+00:00,111.15642547607422,111.83000183105469,112.68000030517578,109.55999755859375,110.29000091552734,9185900
2024-01-24 00:00:00+00:00,113.62149047851562,114.30999755859375,115.41999816894531,113.33000183105469,113.41999816894531,11702700
2024-01-25 00:00:00+00:00,114.30733489990234,115.0,116.18000030517578,114.3499984741211,114.88999938964844,8877200
2024-01-26 00:00:00+00:00,113.94950103759766,114.63999938964844,115.4800033569336,114.2699966430664,114.63999938964844,5541800
2024-01-29 00:00:00+00:00,113.06486511230469,113.75,114.58999633789062,113.01000213623047,114.19000244140625,7014400
2024-01-30 00:00:00+00:00,113.47239685058594,114.16000366210938,114.4000015258789,112.62999725341797,113.36000061035156,8231900
2024-01-31 00:00:00+00:00,111.02720642089844,111.69999694824219,114.2699966430664,111.66999816894531,113.80999755859375,7386700
2024-02-01 00:00:00+00:00,114.83414459228516,115.52999877929688,115.77999877929688,112.55000305175781,112.91000366210938,7882200
2024-02-02 00:00:00+00:00,115.09257507324219,115.79000091552734,116.48999786376953,115.16000366210938,115.81999969482422,6499400
2024-02-05 00:00:00+00:00,115.68895721435547,116.38999938964844,116.72000122070312,114.7699966430664,115.52999877929688,8084500
2024-02-06 00:00:00+00:00,114.60553741455078,115.30000305175781,116.94999694824219,114.9800033569336,116.73999786376953,4637500
2024-02-07 00:00:00+00:00,116.56365966796875,117.2699966430664,117.58999633789062,115.30000305175781,115.80000305175781,7672900
2024-02-08 00:00:00+00:00,115.97721099853516,116.68000030517578,117.79000091552734,115.97000122070312,117.08999633789062,4472800
2024-02-09 00:00:00+00:00,115.93745422363281,116.63999938964844,117.33999633789062,115.7300033569336,117.05999755859375,5787100
2024-02-12 00:00:00+00:00,115.14226531982422,115.83999633789062,117.0999984741211,115.37999725341797,116.26000213623047,5439600
2024-02-13 00:00:00+00:00,112.99529266357422,113.68000030517578,114.20999908447266,113.0,113.79000091552734,8171700
2024-02-14 00:00:00+00:00,113.57179260253906,114.26000213623047,114.72000122070312,113.52999877929688,114.31999969482422,5946100
2024-02-15 00:00:00+00:00,112.1007080078125,112.77999877929688,114.30999755859375,112.56999969482422,114.25,8455600
2024-02-16 00:00:00+00:00,110.63955688476562,111.30999755859375,113.11000061035156,111.25,113.0199966430664,8931100
2024-02-20 00:00:00+00:00,107.79679107666016,108.44999694824219,110.7699966430664,107.68000030517578,110.54000091552734,10975600
2024-02-21 00:00:00+00:00,107.50853729248047,108.16000366210938,108.37999725341797,106.51000213623047,106.76000213623047,7867600
2024-02-22 00:00:00+00:00,110.34136962890625,111.01000213623047,111.88999938964844,109.66000366210938,111.48999786376953,8957800
2024-02-23 00:00:00+00:00,111.27570343017578,111.94999694824219,113.37000274658203,111.70999908447266,112.0,7504500
2024-02-26 00:00:00+00:00,110.3016128540039,110.97000122070312,112.54000091552734,110.93000030517578,112.0,6342900
2024-02-27 00:00:00+00:00,110.70913696289062,111.37999725341797,111.51000213623047,109.79000091552734,110.62000274658203,6593100
2024-02-28 00:00:00+00:00,111.00733184814453,111.68000030517578,112.0199966430664,111.0999984741211,111.26000213623047,5278300
2024-02-29 00:00:00+00:00,111.00733184814453,111.68000030517578,112.44000244140625,110.63999938964844,111.68000030517578,12193900
2024-03-01 00:00:00+00:00,113.09468841552734,113.77999877929688,113.94000244140625,111.5199966430664,111.68000030517578,7603700
2024-03-04 00:00:00+00:00,113.37299346923828,114.05999755859375,114.5999984741211,113.38999938964844,113.58000183105469,6588100
2024-03-05 00:00:00+00:00,110.27179718017578,110.94000244140625,113.19999694824219,110.37000274658203,112.81999969482422,8242000
2024-03-06 00:00:00+00:00,111.5937728881836,112.2699966430664,113.05000305175781,110.66999816894531,111.5,6706400
2024-03-07 00:00:00+00:00,113.85010528564453,114.54000091552734,114.80000305175781,112.29000091552734,113.94000244140625,7670100
2024-03-08 00:00:00+00:00,111.74287414550781,112.41999816894531,114.33000183105469,111.54000091552734,114.06999969482422,8304100
2024-03-11 00:00:00+00:00,113.44256591796875,114.12999725341797,114.75,111.18000030517578,111.61000061035156,20438300
2024-03-12 00:00:00+00:00,126.77180480957031,127.54000091552734,129.3699951171875,124.5999984741211,126.26000213623047,48536100
2024-03-13 00:00:00+00:00,124.76396942138672,125.5199966430664,128.8000030517578,124.83000183105469,128.0,15870300
2024-03-14 00:00:00+00:00,124.77391052246094,125.52999877929688,127.80000305175781,124.94000244140625,127.2300033569336,10965900
2024-03-15 00:00:00+00:00,124.78385162353516,125.54000091552734,126.01000213623047,123.55999755859375,124.04000091552734,17841600
2024-03-18 00:00:00+00:00,127.03024291992188,127.80000305175781,128.9499969482422,126.87999725341797,127.19999694824219,12231400
2024-03-19 00:00:00+00:00,128.411865234375,129.19000244140625,129.2100067138672,126.48999786376953,127.75,10221000
2024-03-20 00:00:00+00:00,128.46156311035156,129.24000549316406,130.69000244140625,128.27000427246094,129.97999572753906,8373300
2024-03-21 00:00:00+00:00,128.2329559326172,129.00999450683594,132.77000427246094,128.9499969482422,130.52000427246094,17842400
2024-03-22 00:00:00+00:00,127.02029418945312,127.79000091552734,129.2100067138672,127.55000305175781,129.00999450683594,6655800
2024-03-25 00:00:00+00:00,125.32060241699219,126.08000183105469,127.66999816894531,126.05000305175781,127.66999816894531,7446100
2024-03-26 00:00:00+00:00,125.708251953125,126.47000122070312,126.94000244140625,125.83999633789062,126.75,7063900
2024-03-27 00:00:00+00:00,124.51547241210938,125.2699966430664,127.81999969482422,124.47000122070312,127.33000183105469,8115900
2024-03-28 00:00:00+00:00,124.85343170166016,125.61000061035156,126.16999816894531,125.19999694824219,125.38999938964844,6587400
2024-04-01 00:00:00+00:00,124.72421264648438,125.4800033569336,126.2699966430664,124.55999755859375,125.54000091552734,4133600
2024-04-02 00:00:00+00:00,123.59107971191406,124.33999633789062,124.93000030517578,123.43000030517578,124.51000213623047,4862400
2024-04-03 00:00:00+00:00,125.47962951660156,126.23999786376953,126.41000366210938,124.05999755859375,124.26000213623047,7430000
2024-04-04 00:00:00+00:00,123.44198608398438,124.19000244140625,127.98999786376953,124.02999877929688,127.5999984741211,7588300
2024-04-05 00:00:00+00:00,124.147705078125,124.9000015258789,126.0,124.13999938964844,124.41999816894531,4898100
2024-04-08 00:00:00+00:00,123.60102081298828,124.3499984741211,125.12000274658203,123.76000213623047,125.0,6119200
2024-04-09 00:00:00+00:00,122.88304901123047,123.2300033569336,124.75,121.23999786376953,124.3499984741211,5564900
2024-04-10 00:00:00+00:00,121.40721130371094,121.75,123.08000183105469,121.31999969482422,121.3499984741211,4509900
2024-04-11 00:00:00+00:00,122.89302062988281,123.23999786376953,123.81999969482422,121.36000061035156,121.72000122070312,7315200
2024-04-12 00:00:00+00:00,120.7690200805664,121.11000061035156,121.83999633789062,120.41999816894531,121.73999786376953,6189600
2024-04-15 00:00:00+00:00,119.54248046875,119.87999725341797,122.47000122070312,119.44000244140625,122.18000030517578,5101500
2024-04-16 00:00:00+00:00,120.2803955078125,120.62000274658203,121.44000244140625,119.75,120.08999633789062,7000000
2024-04-17 00:00:00+00:00,118.33588409423828,118.66999816894531,121.04000091552734,118.61000061035156,120.9800033569336,5366600
2024-04-18 00:00:00+00:00,115.67340087890625,116.0,118.76000213623047,115.69999694824219,118.76000213623047,6662400
2024-04-19 00:00:00+00:00,114.55655670166016,114.87999725341797,116.7699966430664,114.45999908447266,116.12000274658203,8250300
2024-04-22 00:00:00+00:00,114.2075424194336,114.52999877929688,116.33999633789062,114.33999633789062,116.02999877929688,7125500
2024-04-23 00:00:00+00:00,114.76596069335938,115.08999633789062,115.86000061035156,114.75,115.16999816894531,5494800
2024-04-24 00:00:00+00:00,115.0152587890625,115.33999633789062,115.7300033569336,113.87999725341797,115.37999725341797,5791800
2024-04-25 00:00:00+00:00,114.5665283203125,114.88999938964844,114.98999786376953,112.77999877929688,113.62999725341797,6796600
2024-04-26 00:00:00+00:00,116.87999725341797,117.20999908447266,119.20999908447266,116.1500015258789,117.04000091552734,8355100
2024-04-29 00:00:00+00:00,116.16202545166016,116.48999786376953,117.30999755859375,115.29000091552734,116.98999786376953,4994100
2024-04-30 00:00:00+00:00,113.42974090576172,113.75,115.5199966430664,113.69000244140625,115.08999633789062,6234700
2024-05-01 00:00:00+00:00,114.30725860595703,114.62999725341797,116.76000213623047,113.6500015258789,113.91000366210938,5583600
2024-05-02 00:00:00+00:00,114.6363296508789,114.95999908447266,115.80999755859375,114.26000213623047,115.2300033569336,5001000
2024-05-03 00:00:00+00:00,115.47396850585938,115.80000305175781,116.20999908447266,115.06999969482422,115.9800033569336,4485000
2024-05-06 00:00:00+00:00,118.0068130493164,118.33999633789062,118.36000061035156,116.18000030517578,116.33000183105469,6052400
2024-05-07 00:00:00+00:00,117.59796905517578,117.93000030517578,119.12999725341797,117.29000091552734,118.0,6437700
2024-05-08 00:00:00+00:00,117.05948638916016,117.38999938964844,117.9800033569336,117.11000061035156,117.70999908447266,4636000
2024-05-09 00:00:00+00:00,116.31159973144531,116.63999938964844,117.7300033569336,116.5,117.38999938964844,3236200
2024-05-10 00:00:00+00:00,116.34151458740234,116.66999816894531,117.62999725341797,115.91000366210938,117.1500015258789,4122500
2024-05-13 00:00:00+00:00,116.04236602783203,116.37000274658203,117.19000244140625,116.19999694824219,117.12999725341797,4140000
2024-05-14 00:00:00+00:00,120.52969360351562,120.87000274658203,122.55000305175781,116.12999725341797,116.5,17811200
2024-05-15 00:00:00+00:00,121.28755187988281,121.62999725341797,122.08999633789062,119.66999816894531,120.16999816894531,6604600
2024-05-16 00:00:00+00:00,121.8160629272461,122.16000366210938,122.44999694824219,121.20999908447266,121.94000244140625,5159300
2024-05-17 00:00:00+00:00,123.15229034423828,123.5,123.58000183105469,122.08000183105469,123.18000030517578,6179400
2024-05-20 00:00:00+00:00,124.1694107055664,124.5199966430664,124.68000030517578,123.23999786376953,123.80000305175781,5989000
2024-05-21 00:00:00+00:00,124.27910614013672,124.62999725341797,125.36000061035156,123.91999816894531,124.45999908447266,5549500
2024-05-22 00:00:00+00:00,124.24919128417969,124.5999984741211,125.16000366210938,123.30000305175781,124.62999725341797,5705000
2024-05-23 00:00:00+00:00,123.7406234741211,124.08999633789062,126.69999694824219,123.16000366210938,126.55000305175781,6108600
2024-05-24 00:00:00+00:00,122.56394958496094,122.91000366210938,123.51000213623047,121.41999816894531,123.41999816894531,7166100
2024-05-28 00:00:00+00:00,124.13949584960938,124.48999786376953,124.81999969482422,123.01000213623047,123.23999786376953,6911400
2024-05-29 00:00:00+00:00,123.39160919189453,123.73999786376953,123.91999816894531,122.7699966430664,122.98999786376953,4735100
2024-05-30 00:00:00+00:00,116.76033020019531,117.08999633789062,121.44000244140625,117.02999877929688,120.16999816894531,10851600
2024-05-31 00:00:00+00:00,116.86005401611328,117.19000244140625,117.41999816894531,114.55000305175781,116.58999633789062,12755600
2024-06-03 00:00:00+00:00,118.94416809082031,119.27999877929688,119.33000183105469,117.33999633789062,117.52999877929688,7256300
2024-06-04 00:00:00+00:00,119.73194122314453,120.06999969482422,120.37000274658203,118.72000122070312,119.0199966430664,7368000
2024-06-05 00:00:00+00:00,122.28473663330078,122.62999725341797,122.79000091552734,120.51000213623047,121.6500015258789,5973700
2024-06-06 00:00:00+00:00,123.15229034423828,123.5,124.2699966430664,122.25,122.87999725341797,7347200
2024-06-07 00:00:00+00:00,125.56547546386719,125.91999816894531,126.22000122070312,123.2699966430664,124.20999908447266,11545000
2024-06-10 00:00:00+00:00,124.14947509765625,124.5,126.94999694824219,124.05000305175781,125.7300033569336,10190400
2024-06-11 00:00:00+00:00,123.53121185302734,123.87999725341797,124.83000183105469,122.29000091552734,124.05000305175781,18373900
2024-06-12 00:00:00+00:00,139.98477172851562,140.3800048828125,140.9600067138672,133.9600067138672,134.69000244140625,40871300
2024-06-13 00:00:00+00:00,139.4562530517578,139.85000610351562,142.39999389648438,138.77000427246094,140.42999267578125,13733200
2024-06-14 00:00:00+00:00,137.74110412597656,138.1300048828125,139.97000122070312,137.3800048828125,139.25999450683594,11330800
2024-06-17 00:00:00+00:00,140.91213989257812,141.30999755859375,141.44000244140625,138.25,138.8000030517578,11232800
2024-06-18 00:00:00+00:00,144.23277282714844,144.63999938964844,145.05999755859375,141.22000122070312,141.22000122070312,11629400
2024-06-20 00:00:00+00:00,142.5076446533203,142.91000366210938,145.32000732421875,141.9499969482422,145.32000732421875,8940000
2024-06-21 00:00:00+00:00,141.1016082763672,141.5,143.72000122070312,140.44000244140625,143.72000122070312,14930900
2024-06-24 00:00:00+00:00,139.4961395263672,139.88999938964844,141.52999877929688,139.1199951171875,140.0,7793300
2024-06-25 00:00:00+00:00,138.77816772460938,139.1699981689453,139.5500030517578,137.55999755859375,139.0,8469600
2024-06-26 00:00:00+00:00,137.84080505371094,138.22999572753906,140.75,138.0800018310547,139.49000549316406,8036300
2024-06-27 00:00:00+00:00,139.7853240966797,140.17999267578125,141.4199981689453,138.80999755859375,139.25,7518200
2024-06-28 00:00:00+00:00,140.8024444580078,141.1999969482422,142.82000732421875,139.27000427246094,139.44000244140625,25814800
2024-07-01 00:00:00+00:00,142.6871337890625,143.08999633789062,144.05999755859375,141.07000732421875,141.69000244140625,6552400
2024-07-02 00:00:00+00:00,142.87660217285156,143.27999877929688,144.22000122070312,142.5500030517578,142.6300048828125,5920500
2024-07-03 00:00:00+00:00,143.9735107421875,144.3800048828125,144.64999389648438,143.5,143.75,3560800
2024-07-05 00:00:00+00:00,144.4222412109375,144.8300018310547,145.7899932861328,144.02000427246094,144.9499969482422,5365500
2024-07-08 00:00:00+00:00,144.62167358398438,145.02999877929688,145.22999572753906,143.42999267578125,144.75999450683594,8622600
2024-07-09 00:00:00+00:00,140.28390502929688,140.67999267578125,145.6999969482422,138.0,145.1300048828125,14334200
2024-07-10 00:00:00+00:00,141.67001342773438,142.07000732421875,142.3800048828125,139.74000549316406,141.1199951171875,6350300
2024-07-11 00:00:00+00:00,142.75999450683594,142.75999450683594,143.47999572753906,141.67999267578125,142.36000061035156,5245100
2024-07-12 00:00:00+00:00,144.77000427246094,144.77000427246094,145.1300048828125,141.25999450683594,142.7100067138672,7361800
2024-07-15 00:00:00+00:00,143.07000732421875,143.07000732421875,146.58999633789062,141.9199981689453,145.72999572753906,8687800
2024-07-16 00:00:00+00:00,142.61000061035156,142.61000061035156,143.5,142.0500030517578,143.07000732421875,7181500
2024-07-17 00:00:00+00:00,139.25999450683594,139.25999450683594,141.7899932861328,138.67999267578125,140.47999572753906,9157000
2024-07-18 00:00:00+00:00,138.02999877929688,138.02999877929688,140.05999755859375,137.1999969482422,139.36000061035156,5998700
2024-07-19 00:00:00+00:00,138.55999755859375,138.55999755859375,140.44000244140625,138.0800018310547,138.35000610351562,6111900
2024-07-22 00:00:00+00:00,140.1699981689453,140.1699981689453,140.67999267578125,139.1199951171875,139.74000549316406,5387200
2024-07-23 00:00:00+00:00,143.11000061035156,143.11000061035156,143.22000122070312,141.2100067138672,141.3000030517578,6697400
2024-07-24 00:00:00+00:00,138.77000427246094,138.77000427246094,142.66000366210938,138.39999389648438,141.6999969482422,8018800
2024-07-25 00:00:00+00:00,137.82000732421875,137.82000732421875,141.07000732421875,137.6999969482422,140.14999389648438,7654600
2024-07-26 00:00:00+00:00,139.00999450683594,139.00999450683594,139.9600067138672,138.3800048828125,138.8699951171875,5139400
2024-07-29 00:00:00+00:00,138.30999755859375,138.30999755859375,139.77999877929688,137.82000732421875,139.27000427246094,4054600
2024-07-30 00:00:00+00:00,135.6699981689453,135.6699981689453,139.57000732421875,134.9600067138672,139.07000732421875,6505700
2024-07-31 00:00:00+00:00,139.4499969482422,139.4499969482422,141.5500030517578,138.66000366210938,139.69000244140625,7188000
2024-08-01 00:00:00+00:00,137.50999450683594,137.50999450683594,140.38999938964844,135.77000427246094,139.2899932861328,5906800
2024-08-02 00:00:00+00:00,133.27999877929688,133.27999877929688,134.3000030517578,131.8000030517578,132.77000427246094,8251600
2024-08-05 00:00:00+00:00,127.86000061035156,127.86000061035156,129.97000122070312,126.66000366210938,127.88999938964844,10355000
2024-08-06 00:00:00+00:00,128.2100067138672,128.2100067138672,131.0399932861328,128.0800018310547,130.5399932861328,8373900
2024-08-07 00:00:00+00:00,125.9000015258789,125.9000015258789,130.3000030517578,125.75,128.9199981689453,8617700
2024-08-08 00:00:00+00:00,128.9600067138672,128.9600067138672,129.82000732421875,127.6500015258789,128.0,6243200
2024-08-09 00:00:00+00:00,132.05999755859375,132.05999755859375,132.3699951171875,128.33999633789062,128.39999389648438,5597300
2024-08-12 00:00:00+00:00,132.5800018310547,132.5800018310547,132.7100067138672,131.2100067138672,132.25,5600800
2024-08-13 00:00:00+00:00,134.25999450683594,134.25999450683594,134.5399932861328,132.80999755859375,132.97000122070312,4324000
2024-08-14 00:00:00+00:00,135.60000610351562,135.60000610351562,135.97000122070312,134.00999450683594,134.0399932861328,4044600
2024-08-15 00:00:00+00:00,136.92999267578125,136.92999267578125,137.25,135.72000122070312,136.92999267578125,4698100
2024-08-16 00:00:00+00:00,137.47000122070312,137.47000122070312,137.82000732421875,136.38999938964844,136.7899932861328,4893800
2024-08-19 00:00:00+00:00,137.9199981689453,137.9199981689453,137.9499969482422,136.4600067138672,137.52999877929688,3641600
2024-08-20 00:00:00+00:00,139.1699981689453,139.1699981689453,139.7899932861328,137.82000732421875,137.82000732421875,3738300
2024-08-21 00:00:00+00:00,140.1999969482422,140.1999969482422,140.3000030517578,138.5500030517578,138.8000030517578,3776800
2024-08-22 00:00:00+00:00,138.0800018310547,138.0800018310547,141.0800018310547,137.64999389648438,140.6999969482422,5162200
2024-08-23 00:00:00+00:00,139.19000244140625,139.19000244140625,139.7899932861328,137.25999450683594,138.72999572753906,4544600
2024-08-26 00:00:00+00:00,138.89999389648438,138.89999389648438,139.39999389648438,138.19000244140625,139.38999938964844,2729600
2024-08-27 00:00:00+00:00,138.47999572753906,138.47999572753906,139.5,137.74000549316406,137.85000610351562,3872200
2024-08-28 00:00:00+00:00,137.8800048828125,137.8800048828125,138.9499969482422,136.91000366210938,138.8300018310547,3022600
2024-08-29 00:00:00+00:00,139.4199981689453,139.4199981689453,141.16000366210938,138.85000610351562,139.13999938964844,4588400
2024-08-30 00:00:00+00:00,141.2899932861328,141.2899932861328,141.72000122070312,140.10000610351562,140.3300018310547,7980700
2024-09-03 00:00:00+00:00,139.5,139.5,142.1999969482422,138.8300018310547,140.4499969482422,6831200
2024-09-04 00:00:00+00:00,140.75,140.75,141.10000610351562,137.9499969482422,138.44000244140625,6243300
2024-09-05 00:00:00+00:00,142.61000061035156,142.61000061035156,143.27999877929688,140.30999755859375,141.39999389648438,8733200
2024-09-06 00:00:00+00:00,141.80999755859375,141.80999755859375,143.94000244140625,139.39999389648438,143.7899932861328,11154800
2024-09-09 00:00:00+00:00,139.88999938964844,139.88999938964844,143.3000030517578,139.50999450683594,142.49000549316406,20233400
2024-09-10 00:00:00+00:00,155.88999938964844,155.88999938964844,160.52000427246094,153.1199951171875,154.22999572753906,37374200
2024-09-11 00:00:00+00:00,157.17999267578125,157.17999267578125,159.44000244140625,154.83999633789062,156.77999877929688,12630100
2024-09-12 00:00:00+00:00,161.3800048828125,161.3800048828125,162.33999633789062,157.89999389648438,159.0399932861328,16352000
2024-09-13 00:00:00+00:00,162.02999877929688,162.02999877929688,173.94000244140625,161.0,173.6999969482422,25727800
2024-09-16 00:00:00+00:00,170.3300018310547,170.3300018310547,173.99000549316406,164.50999450683594,164.99000549316406,27384400
2024-09-17 00:00:00+00:00,167.47000122070312,167.47000122070312,170.63999938964844,166.77000427246094,170.27999877929688,12580100
2024-09-18 00:00:00+00:00,164.52999877929688,164.52999877929688,167.6199951171875,163.72999572753906,167.6199951171875,12274400
2024-09-19 00:00:00+00:00,167.58999633789062,167.58999633789062,168.16000366210938,164.50999450683594,167.25,10075900
2024-09-20 00:00:00+00:00,168.0,168.0,168.8300018310547,166.60000610351562,167.1300048828125,12187700
2024-09-23 00:00:00+00:00,165.9499969482422,165.9499969482422,167.3300018310547,164.25999450683594,167.22999572753906,7916100
2024-09-24 00:00:00+00:00,165.8000030517578,165.8000030517578,166.10000610351562,163.9199981689453,165.74000549316406,6155100
2024-09-25 00:00:00+00:00,166.27999877929688,166.27999877929688,168.75,165.66000366210938,167.69000244140625,7142400
2024-09-26 00:00:00+00:00,168.10000610351562,168.10000610351562,168.36000061035156,166.47999572753906,167.64999389648438,7096800
2024-09-27 00:00:00+00:00,168.74000549316406,168.74000549316406,169.11000061035156,166.50999450683594,168.08999633789062,8974400
2024-09-30 00:00:00+00:00,170.39999389648438,170.39999389648438,170.52000427246094,166.4499969482422,169.5,10210300
2024-10-01 00:00:00+00:00,167.16000366210938,167.16000366210938,170.50999450683594,165.97000122070312,170.22000122070312,7595100
2024-10-02 00:00:00+00:00,167.7100067138672,167.7100067138672,169.17999267578125,167.27000427246094,167.60000610351562,7073000
2024-10-03 00:00:00+00:00,166.86000061035156,166.86000061035156,167.86000061035156,166.24000549316406,166.88999938964844,4735700
2024-10-04 00:00:00+00:00,170.86000061035156,170.86000061035156,170.89999389648438,168.1699981689453,168.7100067138672,6386900
2024-10-07 00:00:00+00:00,169.97000122070312,169.97000122070312,172.3300018310547,169.5500030517578,170.4199981689453,6791000
2024-10-08 00:00:00+00:00,174.3699951171875,174.3699951171875,174.63999938964844,170.44000244140625,170.60000610351562,7845400
2024-10-09 00:00:00+00:00,178.2899932861328,178.2899932861328,178.61000061035156,173.80999755859375,174.55999755859375,8120900
2024-10-10 00:00:00+00:00,175.41000366210938,175.41000366210938,178.3000030517578,174.17999267578125,177.64999389648438,7115900
2024-10-11 00:00:00+00:00,175.77000427246094,175.77000427246094,177.0,174.39999389648438,175.5,5869400
2024-10-14 00:00:00+00:00,176.1199951171875,176.1199951171875,177.22000122070312,175.5,176.5500030517578,4688700
2024-10-15 00:00:00+00:00,174.08999633789062,174.08999633789062,178.22000122070312,173.75,176.94000244140625,5848600
2024-10-16 00:00:00+00:00,174.77000427246094,174.77000427246094,174.91000366210938,171.63999938964844,173.5,6383000
2024-10-17 00:00:00+00:00,175.67999267578125,175.67999267578125,177.75,175.13999938964844,177.5,5474000
2024-10-18 00:00:00+00:00,174.69000244140625,174.69000244140625,176.97000122070312,174.5800018310547,176.8000030517578,5001300
2024-10-21 00:00:00+00:00,173.75999450683594,173.75999450683594,175.14999389648438,173.16000366210938,174.4499969482422,4198400
2024-10-22 00:00:00+00:00,175.30999755859375,175.30999755859375,175.85000610351562,174.27999877929688,175.4499969482422,5510100
2024-10-23 00:00:00+00:00,173.10000610351562,173.10000610351562,176.07000732421875,173.00999450683594,174.5,4830400
2024-10-24 00:00:00+00:00,174.3800048828125,174.3800048828125,174.9499969482422,172.91000366210938,173.32000732421875,3488000
2024-10-25 00:00:00+00:00,173.52000427246094,173.52000427246094,176.2899932861328,173.10000610351562,174.77999877929688,3674700
2024-10-28 00:00:00+00:00,172.4199981689453,172.4199981689453,174.1699981689453,172.13999938964844,174.0500030517578,4330000
2024-10-29 00:00:00+00:00,173.42999267578125,173.42999267578125,174.02000427246094,172.2899932861328,172.2899932861328,4122900
2024-10-30 00:00:00+00:00,174.55999755859375,174.55999755859375,176.16000366210938,172.7899932861328,173.97999572753906,5822500
2024-10-31 00:00:00+00:00,167.83999633789062,167.83999633789062,170.8800048828125,167.39999389648438,170.52000427246094,9477500
2024-11-01 00:00:00+00:00,170.02000427246094,170.02000427246094,172.27000427246094,169.10000610351562,170.14999389648438,5680600
2024-11-04 00:00:00+00:00,169.58999633789062,169.58999633789062,170.47999572753906,168.72999572753906,170.30999755859375,4804400
2024-11-05 00:00:00+00:00,171.77999877929688,171.77999877929688,171.88999938964844,170.32000732421875,170.47000122070312,5456800
2024-11-06 00:00:00+00:00,181.24000549316406,181.24000549316406,182.10000610351562,177.4199981689453,178.52000427246094,11085000
2024-11-07 00:00:00+00:00,186.3699951171875,186.3699951171875,186.6699981689453,180.5399932861328,181.0800018310547,7759400
2024-11-08 00:00:00+00:00,189.25,189.25,190.16000366210938,186.25999450683594,186.25999450683594,8520400
